Thank You,you helped a lot thank you,,
,appreciate your help,,
,cheers,,
,thank you,,
,thanks,,
,thanks a lot,,
,terrific thank you,,
,great thank you,,
,thanks so much,,
,thank you so much,,
,thanks for your help,,
,thank you for your help,,
,nice thank you,,
,I appreciate it,,
,I thank you,,
,thank you that will be all,,
,thanks buddy,,
,well thanks,,
,very good thank you,,
,good thanks,,
,thanks again,,
,thank you again,,
,all thank you,,
,alright thank you,,
,alright thanks,,
,no thank you that's all,,
,perfect thank you,,
,so nice of you,,
,well thank you,,
,thnx,,
,thanx,,
,,,
,,,
